Number_1,Number_2,Number_3,Number_4,Number_5,Number_6
2,4,5,46,48,49
4,10,12,14,44,48
11,23,24,36,38,39
7,16,18,22,23,43
20,21,30,34,35,41
1,13,14,15,24,28
5,14,20,28,42,44
9,11,26,28,29,40
2,6,30,43,45,47
13,16,18,20,29,32
8,9,14,33,35,49
16,18,36,42,46,47
5,7,17,30,34,45
8,16,18,24,37,48
2,9,22,38,41,45
17,18,19,20,24,36
14,21,31,36,42,47
3,5,7,10,15,29
15,33,35,38,42,46
10,12,14,18,23,37
1,2,9,12,37,40
14,22,26,27,35,46
3,10,13,20,39,40
3,5,16,17,23,43
9,21,25,27,28,46
12,13,21,41,42,47
1,12,18,20,26,39
8,10,13,19,43,48
1,2,4,15,16,30
8,14,24,44,45,49
2,12,25,30,34,49
2,5,9,26,35,45
26,34,36,39,40,47
7,9,22,33,36,41
18,24,34,37,40,44
14,30,32,35,36,39
2,5,13,17,20,25
11,19,23,27,36,44
6,19,34,35,36,49
3,7,14,25,26,42
1,11,25,31,32,45
4,5,9,16,20,24
5,9,29,34,35,43
4,15,18,19,39,43
4,8,13,16,17,49
16,19,24,30,37,40
6,10,20,27,36,49
6,8,10,14,16,37
7,11,16,28,32,40
21,27,28,30,44,49
1,2,5,19,21,27
11,13,33,38,39,47
10,18,30,31,35,47
1,7,12,25,31,42
4,6,12,19,28,42
2,10,29,34,44,49
2,4,7,26,38,40
1,3,9,21,44,47
3,7,20,27,40,46
13,15,26,30,33,42
9,21,25,36,43,46
9,18,27,31,32,35
8,14,18,21,25,26
3,36,43,45,47,49
4,5,7,8,29,49
14,22,24,25,32,39
1,6,25,28,42,49
9,17,21,29,33,35
9,17,22,34,45,46
20,25,27,32,36,42
26,29,30,36,41,45
4,7,23,26,28,38
4,5,13,18,29,34
4,17,24,35,38,43
5,6,13,26,32,49
15,21,24,29,41,46
18,22,25,29,33,40
4,5,10,22,30,36
11,15,17,30,31,49
7,21,33,46,47,49
11,16,22,27,41,45
7,11,18,29,36,48
7,11,35,40,41,43
2,6,19,35,43,48
2,6,18,20,22,25
9,15,27,28,39,46
6,10,17,34,35,49
14,36,37,38,39,41
4,19,29,39,43,49
5,11,13,18,20,29
7,10,16,23,38,46
1,4,10,15,21,46
4,20,31,36,37,46
1,7,19,30,32,33
13,33,44,47,48,49
14,38,45,47,48,49
2,4,9,23,30,41
13,19,23,25,26,37
1,5,6,14,24,29
7,14,21,30,35,45
33,34,38,46,47,49
2,9,12,27,30,49
5,18,21,23,42,49
2,11,17,26,31,45
7,14,21,28,43,46
15,23,33,41,44,49
1,8,19,26,40,47
2,4,5,7,22,41
9,13,19,22,36,41
6,7,18,24,31,43
1,4,10,11,13,39
3,10,15,17,19,29
7,10,27,28,31,33
8,9,23,24,25,41
13,14,21,22,38,44
5,17,30,32,37,38
6,13,22,29,42,47
7,22,23,24,25,42
9,12,13,17,21,31
3,12,23,33,43,47
2,7,17,40,41,46
8,13,30,31,48,49
3,6,12,13,14,41
7,8,19,26,33,35
2,6,14,16,17,31
6,13,19,30,31,49
5,12,30,31,33,41
4,11,13,18,41,43
1,5,28,42,47,49
10,23,26,38,46,47
16,17,26,31,38,41
13,26,33,34,42,47
6,12,25,32,35,42
7,8,11,16,34,38
14,16,28,41,46,49
12,13,16,24,35,42
2,13,27,38,41,49
3,4,6,10,13,49
1,6,21,24,31,45
1,7,12,26,38,41
2,8,20,26,43,47
6,8,15,19,26,41
12,21,24,26,43,49
11,12,29,33,38,42
5,11,13,26,36,41
8,10,16,17,20,26
6,9,25,34,39,46
13,16,30,35,42,45
1,14,20,26,33,46
8,25,28,34,38,45
4,9,13,16,38,49
1,12,27,33,37,38
2,7,13,23,24,36
5,7,14,17,38,43
12,13,29,30,42,46
1,11,24,32,34,41
24,32,34,43,45,49
7,15,16,33,36,41
1,9,15,30,32,40
3,7,21,42,46,47
14,15,26,37,38,49
1,4,5,10,13,23
3,9,12,39,41,47
5,13,16,33,36,39
10,13,19,39,41,45
5,9,13,18,21,40
3,21,22,24,29,41
6,18,19,20,33,44
2,3,6,11,17,38
4,12,14,21,24,43
5,14,40,42,43,48
10,12,27,36,39,42
13,20,25,39,45,46
23,25,27,30,40,42
2,22,29,40,42,43
11,13,18,25,46,48
3,37,38,39,41,43
6,7,23,26,37,41
5,12,14,21,32,36
1,16,17,22,35,38
12,14,17,19,21,44
1,3,14,27,34,47
2,15,20,22,27,46
29,31,34,43,46,48
6,8,9,15,20,26
8,21,24,36,39,47
3,9,16,29,33,36
18,19,22,29,37,45
4,7,29,30,36,43
8,13,34,40,43,48
1,3,5,27,39,44
6,9,21,31,32,49
7,10,32,35,40,46
6,12,27,28,40,44
2,8,20,24,30,47
2,18,39,42,43,48
6,15,19,28,30,47
10,14,26,34,45,47
22,25,30,35,42,48
4,10,12,16,18,20
1,9,10,11,41,46
5,12,17,34,46,47
5,23,24,26,31,42
10,27,34,35,39,48
3,9,18,39,40,42
8,10,20,23,30,34
5,7,18,38,40,49
6,8,9,14,44,46
20,21,28,40,42,44
4,19,21,28,30,44
3,7,9,11,36,44
7,11,13,14,17,37
9,19,25,33,37,45
2,7,29,35,36,46
1,6,22,24,25,37
4,5,11,13,17,47
10,12,26,33,37,48
4,12,26,31,39,44
4,23,30,36,47,48
1,3,27,37,40,44
3,6,21,23,25,42
6,15,25,28,38,46
12,14,16,24,30,31
8,9,20,31,35,49
1,3,12,22,23,48
3,23,30,31,32,38
4,15,31,39,46,48
1,10,11,13,14,26
3,7,12,29,38,48
5,12,30,40,47,49
1,21,28,32,40,48
4,8,21,23,24,39
2,3,4,21,28,35
15,18,28,33,35,38
3,11,12,14,16,33
9,16,29,32,37,46
6,7,9,18,23,36
7,10,28,33,35,43
6,14,24,35,37,49
3,8,15,28,37,38
15,20,21,29,32,41
1,22,25,28,30,38
2,4,5,30,39,43
5,8,10,32,44,48
5,17,22,26,28,29
13,24,29,35,41,49
8,11,29,36,41,45
4,7,11,14,26,39
8,14,20,30,35,40
4,11,26,34,40,48
7,14,19,37,46,47
10,16,22,26,27,48
6,7,9,18,44,48
8,15,16,21,26,44
3,11,14,26,30,34
6,12,24,27,32,42
6,15,19,22,44,45
1,7,23,24,33,47
5,10,12,14,28,38
15,17,18,26,42,49
1,5,7,9,22,39
8,12,13,32,34,44
10,15,22,23,33,42
6,23,31,34,43,45
3,15,16,18,40,43
7,8,20,27,38,46
1,8,17,20,32,47
4,18,41,44,45,49
3,23,32,43,47,49
8,11,16,23,29,39
4,17,23,24,27,29
5,26,31,40,45,48
10,27,30,31,40,41
1,13,16,17,30,33
3,4,7,10,17,34
3,6,9,11,17,33
2,14,23,24,28,42
5,9,11,19,20,27
11,18,19,21,22,34
28,30,34,35,39,44
2,17,26,28,33,34
22,25,26,39,41,48
7,12,17,22,31,38
6,28,32,35,39,44
1,10,26,35,44,49
3,10,17,30,31,37
11,19,33,46,48,49
2,7,14,33,40,43
14,15,34,36,44,45
2,6,16,32,35,44
8,18,28,33,34,38
4,14,31,35,39,49
9,17,24,26,28,37
6,33,39,40,42,44
2,4,6,8,14,36
4,8,13,21,29,49
12,15,20,25,35,45
9,15,24,27,33,40
2,9,12,20,22,27
15,23,27,32,33,37
6,23,37,44,48,49
9,21,22,41,42,46
12,13,20,21,33,44
2,7,25,31,40,42
4,28,35,39,40,45
7,12,15,20,21,24
3,10,11,24,27,28
6,17,29,35,44,46
6,26,35,40,46,48
1,10,16,18,19,39
2,10,19,26,46,49
9,11,17,27,30,41
1,10,19,24,25,43
1,3,13,15,22,40
9,20,24,37,38,39
3,16,27,29,41,43
13,15,38,39,41,48
2,8,20,29,36,41
5,7,8,31,38,42
3,4,8,13,15,33
1,19,31,42,43,46
1,8,11,27,33,37
4,15,26,29,39,43
9,12,14,21,24,48
3,15,21,35,40,42
4,20,37,38,43,48
10,12,20,36,39,46
12,27,31,38,39,45
2,10,26,35,40,42
2,6,18,21,25,42
1,5,6,23,32,46
7,24,25,28,40,47
3,11,12,20,32,43
20,21,31,32,36,41
7,8,20,41,42,48
12,22,29,32,33,43
16,18,20,25,32,33
5,12,29,39,41,42
5,8,11,13,18,39
10,14,16,29,33,44
2,14,17,38,39,45
21,25,35,42,43,48
9,10,13,26,37,38
4,11,18,25,30,31
2,5,9,13,19,28
7,8,19,32,35,49
11,16,26,40,43,46
19,23,24,33,38,49
1,7,13,15,34,35
10,12,24,40,41,43
7,8,19,22,25,48
6,9,15,36,37,39
7,8,14,16,27,46
1,4,8,42,43,46
1,6,27,32,38,40
21,25,34,35,40,43
7,8,15,18,34,44
3,22,26,42,43,49
2,15,32,35,38,45
7,14,37,38,39,47
6,20,26,27,32,43
11,26,37,40,43,44
9,13,17,24,27,31
3,7,21,28,34,36
4,16,17,27,36,37
7,13,14,15,22,32
13,15,18,20,29,30
5,6,15,36,41,44
8,11,16,21,25,38
2,14,18,21,41,49
11,17,24,34,37,38
3,8,15,16,34,46
2,3,14,21,43,49
6,12,14,22,31,41
3,13,24,29,32,34
10,11,24,33,43,47
2,3,10,22,41,43
11,21,25,35,37,45
3,9,11,27,33,37
4,6,18,32,43,45
1,21,28,31,33,39
1,13,19,26,31,33
4,5,9,25,27,36
12,28,31,33,40,46
3,15,21,24,43,44
1,14,16,23,37,40
6,8,20,24,28,39
2,4,6,26,29,37
11,16,23,24,29,47
4,9,20,21,27,35
9,10,15,26,36,38
4,6,11,14,19,40
1,2,6,12,39,42
3,15,17,38,47,48
7,8,17,30,46,48
2,14,22,24,43,47
15,16,30,31,34,46
20,23,29,38,46,48
12,16,25,29,35,45
9,17,19,34,40,47
13,18,31,44,45,49
1,17,24,32,37,41
13,22,30,33,37,44
1,13,37,38,39,41
5,12,14,16,42,44
15,34,38,39,41,49
2,18,23,25,31,49
6,7,20,26,35,41
3,10,13,16,27,41
9,10,12,14,30,36
3,29,30,33,48,49
1,6,14,15,21,30
17,22,26,33,43,48
18,23,31,36,37,44
12,24,30,41,44,46
2,4,19,20,31,39
1,14,29,34,43,46
11,13,24,28,31,35
1,9,17,19,26,34
3,7,17,19,29,49
7,12,24,26,27,35
15,18,22,28,42,49
13,18,19,28,32,44
9,20,26,27,40,42
1,8,24,28,41,45
2,16,17,36,37,49
9,14,22,30,40,49
1,8,9,18,30,42
2,9,13,15,34,45
1,9,15,19,26,39
13,25,28,29,32,48
4,9,11,26,40,47
2,11,14,16,25,37
5,19,25,27,42,47
3,7,8,12,28,31
14,30,37,40,41,46
6,13,35,38,39,43
22,27,35,36,40,48
26,28,33,36,38,42
11,15,26,29,41,47
2,12,22,26,37,39
11,12,15,33,41,47
11,16,23,32,39,43
4,17,19,20,26,37
3,10,13,34,42,44
6,10,24,25,35,46
7,12,13,21,46,47
16,21,36,41,42,43
7,10,21,24,32,46
4,14,25,26,45,46
3,23,25,32,38,39
18,23,26,38,39,42
1,6,13,24,25,36
15,21,23,28,39,47
3,5,23,31,35,39
1,30,32,34,44,49
2,11,12,36,37,46
6,8,24,31,32,34
1,4,16,23,31,37
2,13,14,28,39,48
10,11,23,34,44,45
3,4,15,29,36,44
12,18,32,44,46,49
12,13,14,23,27,39
3,11,32,37,45,49
18,24,27,29,35,45
2,5,30,34,40,45
18,22,28,30,35,39
3,8,9,11,41,49
24,29,35,39,43,45
8,10,13,22,29,35
13,16,23,25,30,37
2,18,22,30,35,49
6,7,11,16,26,35
13,31,39,40,41,46
2,24,25,29,30,39
26,37,38,39,44,45
6,10,14,22,44,49
3,15,17,18,24,48
4,14,27,35,37,46
3,32,33,35,36,45
7,15,19,33,41,44
16,17,18,32,45,48
13,19,23,30,44,48
7,8,22,24,38,45
2,3,4,11,13,24
9,13,23,28,37,47
6,26,27,38,43,47
8,10,18,20,30,42
3,8,28,32,33,40
6,15,27,31,32,36
2,17,28,34,37,49
7,26,28,29,36,44
4,8,9,28,35,38
7,9,12,16,26,42
20,29,30,32,35,36
2,7,13,18,46,47
2,15,18,26,30,36
6,19,21,44,45,47
8,26,36,41,42,45
6,7,13,21,24,31
5,17,21,26,28,29
7,14,16,31,32,40
1,2,6,26,45,47
2,5,7,18,20,49
4,10,15,30,35,39
2,4,10,31,44,45
15,18,28,35,37,45
10,11,15,21,23,30
2,4,5,16,37,45
10,19,23,28,47,48
26,28,32,34,41,44
4,15,18,31,39,44
2,16,17,21,26,47
2,35,36,40,41,42
8,16,21,28,32,49
2,10,11,14,25,37
5,9,16,21,43,44
2,12,25,30,36,48
5,8,10,16,44,47
4,10,14,21,23,32
22,25,26,37,39,44
1,3,4,15,25,41
6,17,27,32,36,38
8,16,24,35,36,44
4,5,6,14,39,48
5,21,36,37,38,40
12,16,21,28,30,37
11,13,24,30,36,41
4,9,14,21,29,45
13,34,37,39,40,43
4,7,23,27,39,48
14,26,30,35,43,44
2,5,6,15,25,36
12,15,18,23,33,36
3,21,30,36,43,47
1,10,15,20,25,37
1,11,18,22,29,37
1,16,20,36,37,47
3,25,29,34,46,49
2,20,21,25,43,46
3,17,27,30,31,38
3,23,27,29,34,49
4,7,9,27,28,43
14,17,18,33,39,48
12,25,35,37,41,45
10,16,20,24,31,38
2,24,25,27,34,36
3,4,16,29,31,32
2,3,18,21,35,42
12,20,25,27,28,45
4,10,15,20,40,45
3,5,9,12,22,23
3,10,11,29,30,40
2,5,13,43,44,47
8,14,22,29,33,34
14,24,25,38,45,49
11,17,27,30,31,35
9,12,14,20,31,33
2,21,24,27,39,47
2,8,29,31,40,46
7,15,19,21,48,49
9,10,18,27,29,30
1,3,14,29,34,45
10,27,29,30,42,43
4,33,37,40,42,43
6,19,30,31,36,48
8,14,22,30,40,43
18,25,26,36,41,49
4,21,26,31,42,49
14,22,32,43,44,48
6,7,16,19,20,37
1,4,7,20,32,44
4,10,11,22,35,38
3,16,18,26,41,44
1,26,30,34,39,44
2,17,18,30,32,35
1,29,33,37,44,48
1,3,7,28,44,46
4,5,32,34,43,46
8,21,22,26,27,33
6,8,12,14,15,39
2,6,17,33,36,47
6,8,9,11,17,20
5,8,13,19,32,35
1,16,17,28,31,34
7,26,31,37,39,42
5,12,26,28,34,38
9,12,24,31,32,38
7,13,14,26,37,41
1,5,7,25,36,48
5,11,17,26,29,48
4,16,33,34,40,46
12,17,32,46,47,48
6,8,32,33,41,42
4,11,15,18,31,42
6,26,27,41,42,48
7,28,32,38,40,43
6,15,21,26,34,43
11,21,22,25,27,32
15,18,21,22,26,39
6,11,19,30,32,38
9,13,20,31,37,47
3,7,14,18,27,33
4,9,29,37,43,44
7,17,32,35,40,48
11,15,19,23,28,41
3,6,17,20,25,37
1,2,8,9,23,30
2,8,13,18,41,43
2,6,14,15,16,18
6,24,28,30,32,39
5,9,11,12,38,47
2,5,9,10,29,41
1,8,9,15,19,43
5,7,31,41,45,46
4,31,33,39,44,48
1,3,5,19,22,33
5,9,12,29,35,49
2,11,19,24,34,49
3,9,10,22,24,31
1,3,4,9,38,47
17,18,20,24,30,32
4,6,7,14,20,39
13,17,35,38,43,45
1,6,18,25,28,32
3,23,24,25,33,47
3,11,13,17,27,46
13,17,22,25,28,39
16,17,26,30,41,44
4,24,29,30,37,39
2,4,17,30,34,48
1,9,13,35,39,48
25,27,31,39,43,47
13,14,34,41,44,47
1,16,21,23,38,40
2,6,28,29,37,46
5,21,22,33,40,47
2,9,12,16,41,45
7,17,23,34,35,36
1,7,19,22,36,38
6,13,22,23,27,40
21,27,31,34,38,47
1,18,21,22,33,49
3,7,8,19,27,40
4,21,23,26,27,42
4,15,20,28,31,47
6,21,22,41,45,46
20,25,34,37,47,48
1,2,17,21,27,47
4,9,28,30,41,44
16,17,28,35,36,38
1,6,7,9,12,49
2,7,12,15,27,49
22,33,37,39,42,43
3,6,8,28,42,44
10,12,19,24,27,49
1,2,3,12,15,32
2,8,9,11,19,48
15,17,26,31,43,47
12,17,18,22,24,49
1,8,13,18,36,44
8,15,22,31,39,40
1,12,21,37,44,45
20,26,28,34,42,48
4,6,12,18,25,34
8,10,22,33,41,49
1,8,9,11,28,33
13,18,38,42,43,48
15,18,24,29,37,44
4,18,19,22,33,48
14,19,29,44,45,46
33,34,36,38,41,47
7,13,15,18,38,39
8,17,18,22,46,49
8,9,15,22,36,40
11,14,17,28,29,47
1,12,13,16,33,40
14,20,27,31,34,38
15,25,29,32,41,42
16,17,27,35,40,42
3,6,19,29,30,49
13,20,31,37,39,43
5,22,37,40,46,47
1,22,25,31,33,39
6,16,17,20,44,48
7,13,19,21,29,36
18,24,34,40,45,48
7,10,17,38,41,45
2,7,12,16,24,33
6,7,23,33,37,44
1,7,28,30,43,45
7,14,18,20,48,49
3,7,16,26,39,49
16,35,38,39,40,45
7,9,20,23,24,38
2,5,30,33,38,43
6,9,37,38,41,45
7,16,19,28,30,43
1,8,14,30,37,41
7,24,32,34,47,48
1,19,21,25,28,29
1,3,13,27,31,35
4,22,25,32,37,49
10,22,34,45,46,48
3,11,15,31,46,47
12,22,29,39,45,49
2,4,16,18,22,23
6,7,12,16,37,45
10,22,29,37,39,46
3,16,25,28,32,49
9,12,13,17,19,27
5,19,28,32,34,37
9,27,28,33,44,46
11,15,19,21,32,39
16,18,30,31,34,44
5,7,15,29,37,44
2,13,16,29,38,39
2,16,27,34,36,43
3,11,16,24,29,31
13,16,28,30,32,35
4,6,19,22,30,42
17,19,23,33,38,43
5,9,25,37,45,48
8,10,11,15,36,43
2,10,20,30,32,37
9,14,23,38,41,49
1,7,8,11,13,23
6,12,13,21,29,36
10,15,28,38,43,45
1,12,23,30,34,36
21,22,27,33,39,48
21,25,27,30,37,38
3,11,24,29,31,33
25,37,39,40,42,49
6,9,13,14,29,37
3,8,14,22,42,49
2,6,9,17,23,40
7,10,12,24,40,41
13,16,20,23,33,44
7,15,23,24,47,49
1,21,27,31,44,47
3,4,16,17,23,48
3,7,9,25,31,41
6,16,18,38,39,40
13,16,19,27,35,47
15,17,23,28,44,46
1,11,15,17,28,29
1,5,12,13,22,40
1,2,24,32,40,48
3,5,7,11,15,40
9,14,24,34,41,48
15,18,21,40,42,47
4,10,14,18,25,30
3,4,10,17,24,40
7,39,43,44,45,47
13,17,18,30,42,44
4,8,21,32,35,44
12,22,27,41,48,49
11,12,21,42,43,44
8,18,21,27,32,47
3,6,18,29,33,37
2,28,29,33,40,47
7,9,12,17,37,39
1,3,6,22,43,49
1,6,10,16,17,31
3,4,25,31,42,47
5,12,28,29,40,48
19,20,39,41,44,47
1,4,14,15,44,49
10,15,26,27,34,40
5,26,27,28,37,41
7,22,30,42,46,49
5,13,28,42,43,45
4,9,11,34,41,45
4,6,8,9,19,32
1,2,6,38,43,47
1,12,15,42,43,46
2,3,23,28,34,36
1,4,6,8,15,33
4,12,14,18,35,41
5,19,23,24,25,42
4,7,27,31,37,45
21,28,35,37,40,49
5,6,7,11,18,48
4,7,18,24,25,44
3,10,13,20,45,46
5,14,19,24,38,39
8,12,20,27,32,46
2,3,7,8,29,32
19,25,29,41,46,48
12,14,27,31,33,38
18,23,26,27,33,45
5,8,13,29,34,47
1,13,21,23,37,46
11,28,35,36,38,39
1,8,13,32,33,43
6,16,20,26,31,38
7,11,14,41,43,49
2,15,19,29,40,48
10,19,26,29,30,43
8,13,21,30,36,42
3,12,22,35,38,41
6,8,22,28,42,43
1,7,10,20,23,39
2,6,7,13,20,38
6,14,31,40,44,45
6,13,14,22,27,48
1,22,32,36,40,46
3,25,29,31,37,48
6,9,12,17,21,34
20,32,33,36,45,49
1,13,15,17,32,41
7,15,20,21,26,48
7,15,24,34,35,37
2,6,9,11,28,48
11,16,17,18,22,47
6,15,16,31,34,39
11,13,18,32,35,44
6,13,20,35,36,38
10,13,16,20,34,39
4,7,20,32,38,47
2,15,16,35,44,48
12,25,33,35,45,49
14,15,31,42,45,47
6,27,29,32,43,47
7,8,20,24,37,41
12,27,29,39,40,44
2,5,9,20,27,48
4,7,19,36,41,46
5,10,11,18,25,43
13,14,18,28,42,46
5,16,17,30,41,47
2,11,16,25,32,33
6,18,28,36,42,45
6,9,13,19,24,45
19,20,22,27,34,39
8,15,18,19,43,47
15,20,26,27,47,49
3,12,14,22,39,47
5,38,39,45,46,47
4,10,21,22,34,40
22,26,27,30,35,47
2,3,11,43,45,47
18,19,24,33,34,38
3,4,21,40,44,46
4,6,7,8,9,11
6,8,11,21,23,26
6,28,33,34,36,39
3,5,8,12,20,21
3,10,16,32,34,36
1,15,22,27,34,48
3,23,25,27,30,35
4,6,22,32,40,47
1,22,23,25,26,28
6,18,22,23,39,41
6,17,22,24,28,29
2,13,22,26,28,37
2,16,29,35,36,48
7,9,11,21,43,49
12,14,16,17,28,37
5,17,18,24,34,46
7,16,22,31,37,43
9,17,19,21,36,48
4,6,8,30,31,38
18,22,32,43,44,48
4,11,18,19,27,28
7,9,13,25,26,42
8,16,17,18,21,23
2,12,13,34,39,42
4,7,13,31,32,33
6,8,35,39,41,47
1,9,18,25,29,30
12,31,35,40,45,47
8,19,23,33,39,47
1,5,29,35,39,41
5,14,25,27,40,47
2,9,31,35,37,47
3,19,21,30,38,41
19,27,29,36,48,49
12,13,15,30,32,36
2,21,26,39,45,47
7,13,21,28,32,35
5,6,21,30,32,40
12,18,24,27,38,43
5,29,35,39,45,48
8,11,17,19,21,36
12,16,19,33,44,46
4,21,30,32,36,39
15,26,29,31,36,47
2,13,25,30,32,41
13,16,25,28,36,44
12,17,22,27,44,47
29,33,35,37,40,46
1,3,5,11,13,17
6,19,31,32,37,41
5,16,17,33,44,49
5,14,18,24,39,46
11,13,17,27,41,44
8,16,23,24,33,43
4,11,15,21,35,37
5,7,12,14,17,48
12,17,23,25,42,44
2,10,19,20,21,27
6,14,24,33,38,49
6,8,16,17,20,47
9,19,21,31,44,46
12,14,23,37,38,42
9,20,28,29,36,41
8,24,29,35,36,48
3,15,18,23,28,47
8,20,26,27,29,39
15,19,22,39,44,49
18,19,23,33,48,49
5,11,24,26,33,37
6,33,35,36,37,38
12,26,34,37,42,47
3,13,15,32,33,44
22,24,26,30,37,42
12,22,24,25,31,41
4,28,31,39,40,42
7,23,25,31,37,44
12,17,21,22,33,47
9,14,23,39,44,48
4,7,12,17,42,48
2,17,18,23,43,44
4,5,11,15,16,23
1,3,4,9,18,30
4,11,32,36,37,49
3,4,30,33,36,48
2,7,10,23,26,35
6,12,14,20,26,45
5,6,11,19,34,47
23,29,30,33,41,49
4,10,20,27,41,48
2,12,27,34,47,49
6,13,17,27,28,45
1,2,20,24,43,45
6,7,10,17,19,20
5,29,35,43,44,47
10,11,12,15,37,44
10,23,36,41,44,47
3,12,25,26,27,33
7,19,41,43,45,49
10,19,22,23,39,42
4,12,17,18,35,47
14,27,33,43,45,49
1,13,15,17,23,36
12,21,26,37,39,49
3,7,17,19,21,44
2,4,29,35,37,49
1,19,24,28,32,43
1,20,25,26,34,38
3,5,15,21,39,48
11,14,42,43,45,48
3,7,25,29,30,44
10,13,28,33,34,48
3,16,19,41,43,48
10,11,14,16,28,38
1,14,18,32,42,44
14,19,25,29,33,46
7,14,36,40,45,46
2,15,32,38,40,48
14,18,21,22,30,31
5,7,13,20,28,36
18,22,23,32,48,49
1,6,25,26,31,42
19,22,25,32,33,44
1,3,18,36,40,41
2,5,20,26,32,42
9,21,23,27,41,47
6,13,22,27,29,46
5,14,17,21,45,49
10,12,19,20,22,29
7,21,26,36,43,49
6,25,27,36,43,47
1,8,29,30,37,45
4,6,7,18,34,39
12,14,16,27,30,40
9,14,16,19,24,41
20,25,33,41,44,45
7,13,21,26,29,46
1,24,27,38,42,47
15,21,36,38,43,49
14,19,22,25,34,36
6,8,21,27,44,45
2,4,15,35,44,49
12,21,25,28,37,48
4,8,13,15,24,28
18,19,28,34,38,47
13,18,19,20,24,46
1,3,29,32,36,42
8,15,24,27,38,40
13,16,28,37,40,42
7,11,12,15,20,37
7,15,22,31,37,38
16,23,29,31,37,41
1,6,17,23,27,38
2,19,22,26,27,49
3,10,13,15,24,39
3,12,17,20,29,48
4,8,27,41,42,45
2,5,15,26,30,35
4,9,26,29,42,43
9,15,24,39,41,44
9,14,19,30,35,40
4,11,13,23,35,42
2,15,19,26,34,41
2,12,25,28,34,49
6,18,26,36,38,43
11,15,36,42,45,47
8,21,25,38,41,44
6,10,29,39,44,45
21,22,26,29,31,45
4,18,19,27,32,45
6,9,11,17,18,43
4,15,17,31,34,45
8,21,22,27,28,39
1,8,14,17,28,29
2,11,28,35,36,45
11,15,30,33,35,49
1,2,3,12,25,29
7,15,28,29,35,49
9,17,18,23,24,34
3,9,11,23,27,31
5,7,26,28,29,49
6,11,19,30,38,44
17,27,29,43,45,46
23,27,36,37,42,44
16,17,19,31,32,37
6,15,16,20,32,35
1,16,17,31,33,39
3,5,14,27,40,41
2,5,8,28,37,48
16,18,30,31,37,46
21,26,29,33,37,46
3,27,30,35,41,48
22,30,33,34,43,47
1,11,13,20,31,37
13,20,28,30,31,44
18,22,28,30,38,48
2,4,9,10,32,41
1,6,10,26,28,44
1,2,4,6,23,47
1,6,14,36,37,44
23,32,35,38,41,45
5,8,11,14,29,41
4,15,21,30,34,42
7,9,29,31,33,35
5,6,10,23,27,29
9,19,28,36,42,44
10,20,30,43,45,49
7,14,15,24,38,45
1,22,26,28,30,49
3,4,24,31,40,46
10,20,24,27,29,47
4,33,39,45,47,49
5,12,18,30,40,43
1,9,10,23,28,48
5,14,16,31,44,47
13,14,19,20,45,46
4,23,26,29,37,43
6,26,28,29,39,40
10,17,22,37,39,48
3,11,15,16,26,42
1,5,8,12,16,19
29,33,34,42,43,44
10,20,26,30,39,46
6,7,12,20,23,48
6,8,15,24,29,39
13,14,32,38,41,48
4,19,24,36,37,44
2,10,22,40,44,45
9,13,23,26,40,46
4,13,18,22,24,25
6,11,16,18,29,41
4,9,25,37,41,45
8,29,32,34,36,41
3,7,20,22,32,37
17,25,28,31,42,44
2,15,17,22,26,43
3,4,28,29,32,37
6,8,18,24,28,45
8,15,19,26,31,34
22,33,35,37,40,41
3,5,11,25,28,44
13,15,36,42,47,49
1,10,12,15,24,31
2,8,11,12,13,24
1,10,26,32,35,42
2,23,36,38,46,47
6,20,29,42,43,44
24,26,28,39,43,47
7,11,17,28,43,44
10,11,17,35,38,45
13,20,24,25,40,45
9,17,31,37,47,48
1,4,17,19,26,34
11,16,40,41,45,49
10,22,31,36,45,48
3,14,19,24,36,42
5,9,17,20,22,32
8,18,21,26,29,48
18,22,24,29,42,48
12,17,21,22,29,39
5,7,16,21,24,43
15,27,31,35,37,38
8,17,18,22,41,43
13,16,18,32,40,48
6,9,26,30,35,37
20,21,30,32,34,40
4,12,20,28,29,36
3,10,17,29,37,49
2,9,16,39,45,49
5,6,11,16,24,29
22,25,35,41,42,49
8,14,27,28,31,38
3,9,33,36,38,46
1,4,16,22,33,40
10,11,29,31,41,45
3,6,23,33,42,47
7,13,14,16,30,48
17,32,34,39,41,47
4,14,24,39,44,45
17,23,25,28,35,39
3,5,9,24,28,37
1,10,16,20,34,42
7,12,18,26,27,44
1,33,40,42,43,46
1,11,27,36,37,38
2,21,23,25,36,48
16,18,20,22,27,39
3,5,17,21,22,45
1,7,16,30,31,37
3,10,14,24,33,38
3,5,7,22,24,44
7,16,27,32,37,49
5,14,22,32,34,41
11,19,23,37,45,46
5,18,37,40,45,46
2,17,21,23,36,40
12,24,31,39,43,47
23,26,27,32,43,47
4,8,13,22,24,33
12,17,18,20,24,28
7,13,40,42,43,47
4,7,29,30,34,44
28,37,41,43,44,45
1,2,18,24,34,48
9,25,27,28,31,44
13,21,25,26,45,48
14,16,25,31,41,45
18,28,31,32,38,40
2,3,29,42,47,48
9,16,25,31,39,41
14,18,22,25,26,30
3,7,8,19,24,47
1,2,3,8,37,41
15,17,35,38,44,47
9,14,28,38,41,43
11,16,22,28,31,40
9,10,28,29,31,47
5,8,18,38,45,46
10,14,16,18,29,49
5,7,13,25,35,39
3,12,20,26,37,38
4,19,26,45,46,48
12,14,17,21,37,41
4,8,19,20,22,42
2,27,29,34,47,49
8,9,15,24,32,46
2,5,18,37,39,44
4,9,22,25,33,37
13,21,22,23,28,39
2,18,33,34,44,47
5,13,15,23,25,33
21,30,36,37,38,49
14,24,31,43,46,47
7,15,19,27,33,36
1,8,18,30,41,48
32,35,38,39,40,48
9,10,18,20,25,40
5,9,15,18,20,23
5,8,15,38,40,42
11,12,13,22,24,42
6,15,17,21,29,38
5,18,23,29,42,44
2,7,8,11,15,41
13,14,21,38,41,49
8,9,24,29,47,49
4,29,32,36,38,45
5,34,35,39,42,48
7,22,24,36,48,49
14,18,24,28,41,44
2,6,12,15,17,47
4,11,16,17,26,35
8,9,15,19,22,24
5,20,27,30,37,39
14,16,28,33,38,46
16,17,29,34,39,44
6,7,30,32,38,45
3,10,19,24,26,30
9,14,26,32,35,42
2,6,30,35,43,49
14,19,22,30,39,44
2,31,37,44,46,49
1,8,12,13,26,30
8,11,22,24,40,49
8,31,32,39,41,49
3,7,24,38,46,49
2,3,13,19,31,40
6,8,14,22,29,42
11,23,28,29,31,42
1,4,19,28,37,40
2,14,20,29,41,44
8,9,13,26,35,46
4,14,21,29,46,47
10,13,18,22,29,39
18,22,33,35,45,46
13,14,21,33,43,49
11,17,27,28,33,35
2,4,20,36,38,39
12,16,33,42,46,49
4,8,16,19,35,48
13,14,19,21,41,44
6,10,12,14,17,34
13,28,35,38,43,47
1,9,12,17,36,49
11,15,26,35,46,47
3,11,19,33,42,49
6,8,20,23,32,36
2,3,9,26,35,45
3,8,20,39,41,42
19,25,30,36,46,47
7,12,14,16,34,49
4,10,20,24,30,38
7,18,20,36,39,49
20,29,30,35,40,49
11,15,29,33,39,43
8,9,11,24,47,49
6,20,34,35,39,40
7,13,16,22,33,49
8,20,22,25,41,46
14,19,30,33,38,42
3,12,30,35,43,45
14,19,20,32,33,34
10,15,18,19,21,30
8,15,20,29,33,43
5,17,23,26,29,36
4,7,19,27,29,49
14,16,18,19,28,37
3,8,16,21,22,28
4,15,22,27,39,48
10,16,17,18,20,28
2,3,7,8,42,49
2,17,26,31,39,48
4,9,20,26,35,41
26,35,36,38,39,49
8,13,18,23,33,40
3,8,16,20,21,27
3,5,16,31,37,48
12,13,18,26,28,37
10,11,15,19,23,42
9,13,27,36,48,49
2,16,31,36,39,44
15,18,26,35,45,49
5,9,17,25,37,41
15,17,18,31,33,37
12,19,20,21,26,42
2,4,9,19,21,34
5,18,32,37,43,44
1,3,8,15,19,28
13,18,26,36,37,42
9,29,32,41,44,47
7,26,32,33,41,44
19,20,26,42,45,49
3,4,6,9,11,43
4,10,16,19,33,44
1,6,30,33,38,45
11,23,24,36,38,46
1,19,22,31,35,44
11,20,24,29,33,39
7,21,36,37,38,47
4,16,24,27,36,42
10,11,19,23,24,36
12,24,26,37,48,49
3,19,27,29,32,37
1,7,17,19,26,43
3,28,29,32,34,44
6,16,26,40,42,49
15,18,20,26,35,45
6,10,22,26,32,40
11,24,26,32,33,37
7,18,22,32,41,45
19,21,26,27,34,46
1,9,10,15,30,49
10,34,35,36,38,42
2,24,33,44,45,49
15,19,33,37,39,47
6,14,17,37,39,41
24,27,36,38,39,46
3,14,18,23,36,45
6,10,14,16,19,20
3,8,21,30,44,47
3,8,18,22,24,39
2,24,25,39,44,45
16,25,28,33,37,39
4,20,24,41,43,48
27,28,35,42,44,47
4,20,21,28,31,38
1,2,5,17,25,26
5,6,7,27,29,44
3,16,17,18,20,37
4,8,13,19,36,37
10,15,25,29,30,34
6,8,9,19,41,43
10,14,21,27,29,37
4,6,7,16,18,48
3,9,19,40,43,46
7,10,15,24,44,46
2,32,38,40,47,48
13,25,27,32,45,49
11,13,17,31,39,49
4,18,29,31,39,46
1,2,7,12,15,30
14,26,28,29,34,42
1,12,15,17,20,26
8,23,35,39,43,48
23,27,28,33,47,48
6,7,8,13,22,24
1,2,7,10,36,38
3,6,8,14,44,45
1,16,19,28,36,43
1,10,11,14,25,29
9,18,19,26,47,49
4,5,7,9,10,38
5,6,24,25,36,38
1,9,15,22,40,47
16,17,21,22,34,49
4,5,7,24,28,46
13,14,22,27,38,45
13,22,26,38,46,49
6,16,17,34,37,41
16,18,20,26,38,41
11,13,22,32,33,48
4,11,13,15,24,42
2,16,17,19,24,43
1,16,22,32,33,39
8,16,21,40,41,44
1,11,22,36,40,44
10,21,25,27,35,46
14,20,29,32,35,47
8,9,10,15,16,41
5,6,19,25,45,49
14,25,31,40,41,43
9,12,26,28,31,39
4,6,10,34,36,44
2,5,7,8,29,48
7,12,17,37,47,48
1,6,14,24,31,38
1,9,22,26,29,43
12,13,19,22,30,32
3,5,16,34,36,48
6,8,12,28,29,48
8,9,30,32,33,44
1,11,34,36,47,48
5,8,18,25,35,49
13,23,32,37,38,40
6,15,32,45,46,48
5,26,29,33,34,37
5,32,35,39,45,48
17,21,33,36,41,46
2,4,5,19,24,30
13,19,31,32,33,49
9,14,31,36,37,46
3,27,33,35,38,44
8,14,28,29,44,46
1,6,9,20,38,40
1,5,13,24,40,46
1,3,7,12,40,48
3,12,26,27,37,40
8,26,28,29,30,35
5,12,21,24,34,49
3,6,8,14,38,46
17,19,33,35,41,48
11,21,24,28,42,49
12,25,27,33,42,48
1,10,18,20,25,39
6,7,8,16,33,36
11,13,16,26,41,43
4,13,26,30,37,38
3,4,10,14,43,44
3,13,21,30,37,49
1,18,22,23,38,42
1,4,8,24,29,32
6,18,21,41,43,46
12,23,31,38,47,48
4,8,31,37,47,48
11,13,31,41,47,49
3,12,19,20,26,28
2,14,19,21,29,38
28,37,40,43,44,48
7,10,18,19,25,40
4,6,25,28,33,44
19,21,25,33,41,46
24,29,36,37,40,48
5,8,18,24,33,47
2,15,23,32,38,44
4,10,30,38,41,49
12,18,23,24,25,35
2,4,12,24,34,41
9,10,11,12,24,48
8,15,27,29,33,47
10,11,17,25,30,44
4,12,22,29,43,44
4,15,27,30,45,46
8,9,20,24,33,41
3,14,32,36,42,48
1,17,18,20,34,40
16,28,34,36,43,45
1,2,14,31,39,44
1,2,9,14,34,48
1,5,20,27,32,45
4,7,15,29,36,45
1,10,22,24,33,37
11,14,35,38,39,44
3,32,38,39,41,44
7,12,15,17,35,41
4,5,6,20,30,48
6,9,13,20,21,48
10,25,39,40,41,49
3,9,22,23,26,39
14,15,17,20,35,45
7,13,21,23,28,48
4,23,26,35,38,44
1,7,8,20,44,45
4,17,26,33,37,38
4,7,18,19,30,49
2,7,19,33,41,48
6,9,14,16,29,35
16,20,24,27,37,46
8,23,27,30,41,48
15,16,22,23,39,45
5,7,17,23,35,48
6,10,13,19,28,39
4,21,33,40,47,48
10,14,16,18,33,36
11,14,25,32,38,45
9,15,25,28,31,35
7,14,17,19,29,32
19,20,24,39,44,48
7,14,22,29,34,46
1,21,30,37,39,40
4,10,20,42,43,49
7,38,39,41,42,45
19,20,25,29,41,43
3,8,11,22,24,41
2,3,21,24,25,48
2,5,6,14,35,48
19,20,23,26,29,49
11,17,18,23,28,30
2,7,13,14,45,49
4,33,37,45,46,47
5,7,18,30,42,43
2,4,8,18,47,48
1,10,25,30,34,41
8,9,13,37,40,45
15,17,39,41,48,49
17,18,22,29,40,45
2,9,25,32,38,43
23,28,30,44,46,47
14,25,31,43,44,46
8,17,19,34,36,37
5,21,29,41,44,48
2,23,28,36,38,45
15,21,25,30,35,42
14,34,35,40,44,45
8,15,20,21,33,43
13,19,27,30,42,44
5,12,13,31,47,48
3,15,19,21,34,42
1,10,15,30,31,49
1,20,21,36,40,46
7,13,24,27,36,46
1,3,4,8,17,46
6,26,31,38,40,47
19,20,29,37,43,49
11,14,15,25,37,38
4,8,11,17,33,39
3,10,20,21,27,44
2,4,8,13,15,44
2,15,27,33,47,48
6,16,18,26,41,47
12,14,27,32,35,40
7,16,17,29,33,34
15,16,22,24,42,44
1,18,29,39,41,46
2,3,4,10,20,41
3,7,13,17,20,43
14,20,22,30,32,45
7,14,15,27,33,43
14,24,27,41,44,47
21,23,29,33,37,40
13,20,28,30,32,45
4,16,21,27,38,48
2,4,14,26,34,41
8,16,23,43,46,48
10,24,27,36,40,41
1,9,26,27,33,40
4,5,9,41,44,47
1,9,12,21,27,45
12,16,20,30,44,45
9,21,26,27,36,41
1,18,22,26,39,43
8,20,21,28,39,49
23,26,30,33,37,45
3,12,29,32,35,38
6,7,8,15,23,32
2,15,25,29,33,43
6,8,22,23,39,45
16,26,29,31,36,48
3,5,13,25,30,42
4,7,16,18,41,43
1,4,21,39,41,43
19,23,32,35,45,49
1,11,21,36,42,48
13,19,22,34,35,39
14,16,17,18,28,47
1,11,15,26,33,43
1,2,9,12,15,44
4,23,29,32,40,47
2,7,11,13,16,31
1,10,21,36,42,46
5,8,10,11,21,30
11,17,23,25,44,48
11,15,24,29,38,41
1,9,15,21,30,40
2,9,11,16,31,45
1,4,5,16,34,49
1,10,15,31,34,35
4,26,34,35,37,39
1,4,28,30,34,39
1,7,12,14,23,31
11,21,28,29,32,34
10,15,16,17,27,45
9,25,29,30,44,48
3,16,22,27,37,48
8,13,18,21,40,41
3,9,23,24,39,45
5,14,23,27,28,29
5,8,16,17,39,46
16,21,31,33,45,49
1,3,10,14,34,46
2,21,23,30,33,47
11,14,17,22,25,29
10,21,28,29,39,44
6,15,26,42,46,48
2,12,14,39,46,48
10,15,16,26,35,46
4,13,16,35,45,48
13,15,18,25,40,47
5,11,24,26,30,45
14,29,31,38,41,42
2,17,23,28,35,49
2,15,22,33,44,45
10,13,23,30,42,47
12,14,22,39,43,49
3,17,25,45,46,47
1,10,16,21,27,38
4,18,28,34,38,43
3,6,19,24,37,38
15,19,22,27,28,36
23,29,31,34,41,46
8,21,27,29,39,46
1,2,18,35,42,43
2,5,7,28,35,36
21,22,29,36,39,44
10,15,17,24,42,47
15,26,31,40,46,49
2,17,18,27,31,38
7,12,22,23,25,35
10,23,29,42,44,47
3,16,20,30,40,43
4,7,15,18,28,40
11,17,18,36,40,44
2,6,14,23,25,47
8,11,12,24,26,29
9,29,31,42,43,49
1,4,7,10,27,42
1,3,16,27,34,38
3,19,20,29,37,47
7,21,28,38,42,49
4,12,20,24,39,45
10,17,19,40,44,48
1,3,18,27,40,43
16,19,24,25,30,49
6,18,26,27,41,48
5,7,22,23,38,49
5,10,14,19,24,45
10,30,37,42,44,47
9,27,30,31,32,33
16,28,37,40,42,48
7,8,10,19,20,43
11,24,25,28,31,47
5,10,12,19,35,49
1,5,15,20,25,43
1,6,21,25,26,42
3,8,30,34,40,45
5,10,27,29,33,38
9,11,13,17,32,42
2,5,18,32,38,48
2,15,18,25,28,32
1,2,19,20,27,43
6,28,29,33,45,49
9,14,15,22,37,46
6,18,20,22,37,42
13,24,35,38,39,45
5,11,27,31,33,40
1,2,5,9,20,33
19,25,35,38,44,47
8,24,26,33,35,43
11,14,15,17,35,45
6,9,22,34,38,43
5,14,19,25,27,37
10,19,33,36,43,45
5,15,19,25,38,43
30,31,37,39,42,44
26,31,32,36,47,48
1,7,12,14,24,46
3,32,39,43,45,49
7,18,24,27,34,39
12,16,24,26,32,41
8,12,34,39,45,48
5,15,23,27,36,48
4,6,8,23,44,49
4,10,11,16,40,44
8,10,15,16,22,31
1,14,25,28,36,42
1,4,6,35,40,45
9,20,22,29,30,47
15,19,27,36,40,48
13,18,20,28,47,49
1,13,14,16,46,49
5,22,23,34,43,45
2,7,29,34,40,41
4,10,17,26,30,33
8,18,26,33,37,38
13,18,34,35,36,48
6,18,21,34,42,47
1,2,9,24,40,44
28,33,39,43,46,49
8,14,20,36,38,45
5,7,9,20,27,43
1,6,15,16,19,25
14,17,18,38,41,46
9,17,21,22,40,44
15,18,28,32,46,49
21,23,33,36,40,48
9,21,22,27,33,48
2,14,15,17,33,48
6,12,13,15,23,26
1,7,28,32,36,48
3,8,19,29,44,48
4,5,9,19,25,43
4,6,22,42,44,48
10,15,16,27,31,41
9,15,18,38,39,49
14,16,22,33,39,49
2,12,19,28,31,38
5,8,10,21,25,46
15,17,27,41,46,48
3,6,11,16,20,39
12,19,25,28,34,43
3,5,10,14,20,43
1,6,37,40,41,45
9,18,24,31,42,46
2,15,16,19,22,44
3,7,15,24,27,40
8,10,13,14,25,44
15,31,36,37,39,46
3,17,31,33,41,46
1,11,22,25,36,42
10,13,29,33,36,43
5,12,13,36,38,39
10,15,23,44,47,49
2,24,28,37,39,45
7,13,19,21,40,49
5,8,19,21,27,34
1,23,34,37,38,45
1,9,12,21,29,42
7,9,10,18,32,34
8,15,19,35,47,49
7,10,15,25,30,40
7,14,34,35,40,48
8,12,14,24,27,43
8,13,37,46,47,48
12,20,26,31,39,49
9,11,14,20,25,33
19,20,24,37,40,46
6,9,11,13,39,45
9,19,28,31,40,49
2,13,17,26,36,44
15,17,26,34,36,43
25,27,37,39,44,49
2,14,24,28,40,45
13,15,18,25,31,44
4,16,24,28,40,41
14,16,18,27,29,34
5,17,19,23,28,42
15,17,24,38,39,49
3,14,25,26,39,40
4,20,26,35,44,49
9,14,15,19,34,44
13,18,28,29,32,39
18,22,29,30,38,46
4,16,18,28,41,44
2,8,13,23,42,43
1,27,30,35,40,43
7,9,12,13,26,43
9,25,26,34,40,47
7,9,11,18,19,23
12,15,21,22,26,48
3,26,28,33,40,41
8,9,18,20,40,42
8,12,22,23,29,47
1,5,11,12,14,28
9,12,17,32,35,40
3,10,11,24,25,46
1,6,25,29,31,45
21,25,34,39,41,49
5,21,30,40,41,47
16,26,33,34,37,42
6,13,24,31,39,44
14,26,29,31,34,36
1,6,7,9,23,47
5,24,28,32,38,48
3,7,19,31,38,47
2,8,10,12,23,30
14,16,17,35,37,40
6,36,37,45,48,49
3,12,28,31,38,43
14,15,16,18,24,49
7,20,24,30,39,44
4,10,24,26,40,44
2,11,20,22,29,42
13,18,28,34,45,46
9,12,15,19,25,32
3,15,19,26,29,34
2,7,30,43,47,49
5,6,12,18,19,47
7,17,20,27,33,35
13,14,18,25,46,49
14,20,28,31,37,48
1,12,21,28,48,49
3,9,25,29,34,41
17,31,33,35,38,43
4,14,33,40,42,45
16,18,23,30,38,41
12,15,18,21,43,45
17,26,34,35,37,42
2,5,7,20,22,24
2,4,19,21,22,42
3,7,12,13,24,31
7,21,28,33,36,38
10,11,17,21,26,41
14,17,19,24,32,37
6,11,22,33,37,39
6,20,35,41,46,48
6,9,21,28,34,44
1,14,21,26,37,41
1,14,15,26,35,44
9,14,15,22,26,33
7,8,22,29,38,49
24,30,33,39,41,45
8,11,24,28,36,47
3,15,23,26,31,32
10,11,32,37,42,46
8,10,13,39,45,46
9,18,22,32,38,49
5,14,19,20,42,47
1,3,4,7,22,36
6,17,26,29,32,37
1,8,16,18,19,22
8,21,22,33,39,43
5,11,13,14,20,48
17,19,32,42,45,48
14,20,24,30,35,42
8,11,19,20,28,37
1,17,32,38,42,44
7,13,16,33,41,49
23,24,25,33,40,49
3,17,26,35,41,47
3,11,20,28,32,48
19,22,24,38,42,49
4,14,18,28,37,40
7,14,19,25,33,47
4,14,18,33,42,45
10,12,33,35,36,42
3,6,12,17,22,25
1,4,6,8,42,49
2,29,32,33,44,45
18,23,24,28,35,49
4,7,8,15,30,41
4,7,20,34,36,46
2,4,7,26,28,35
4,6,12,13,36,38
7,13,27,33,42,45
14,26,28,31,44,48
1,2,6,7,37,46
8,14,21,35,45,47
5,20,22,23,27,35
4,12,16,18,27,30
2,30,31,39,41,44
1,16,21,29,39,47
6,8,16,31,34,41
7,9,25,35,37,39
3,7,9,16,22,46
13,15,18,38,46,49
1,23,37,42,43,44
9,18,25,30,44,45
7,14,23,25,33,39
3,12,14,27,43,47
2,6,15,22,24,42
6,16,17,24,27,37
12,20,22,23,41,45
11,20,24,26,32,43
21,24,39,41,48,49
14,21,30,43,45,49
12,16,17,19,29,46
13,14,16,21,29,44
1,7,8,19,37,40
1,13,20,23,28,35
5,6,9,30,41,47
9,15,34,37,45,48
21,24,30,39,43,45
4,7,17,24,28,37
14,19,27,30,40,48
16,18,21,24,41,43
7,13,14,38,44,45
1,2,14,35,37,46
14,23,30,35,37,41
3,19,21,25,28,49
14,17,21,28,42,49
5,16,17,19,36,39
5,9,20,21,23,49
28,31,39,41,44,46
1,16,19,43,44,46
3,14,18,24,35,41
4,9,10,13,19,48
1,11,24,27,38,42
3,6,9,16,34,49
3,5,12,28,35,39
2,17,22,25,29,45
11,12,24,25,32,35
12,13,19,20,32,42
4,14,15,38,41,44
5,7,9,10,17,22
2,5,7,19,38,48
7,10,11,26,35,39
2,4,27,37,38,48
1,23,31,33,34,40
4,9,17,19,30,40
1,3,4,5,7,8
12,20,21,26,30,38
3,17,27,29,36,46
11,12,22,24,26,33
3,7,14,26,40,43
7,8,11,14,28,37
20,21,35,39,48,49
4,27,31,37,42,45
2,10,20,25,38,41
7,10,23,36,40,44
9,14,23,32,35,37
3,6,20,26,45,46
16,23,25,26,30,36
4,6,9,10,31,36
11,25,43,44,48,49
7,15,19,22,23,27
3,11,21,41,42,47
2,10,14,16,29,49
3,12,13,32,40,42
2,19,23,25,36,38
2,6,12,14,25,26
6,19,25,31,36,37
1,7,8,25,29,46
3,7,12,16,19,30
13,17,24,29,40,45
4,8,26,36,38,49
10,11,21,23,29,31
4,19,22,29,43,45
10,19,29,35,45,47
1,5,12,25,41,44
1,5,10,21,37,39
4,13,22,23,27,30
7,12,35,41,45,49
3,10,11,12,16,42
16,26,28,34,42,49
11,38,42,43,45,49
5,6,9,20,24,43
3,15,16,36,39,44
14,18,21,27,36,49
3,14,16,17,37,43
22,23,26,32,40,44
3,11,15,29,41,42
2,3,4,12,38,49
2,17,19,21,27,37
22,28,37,42,47,48
16,23,27,32,34,42
13,22,23,35,41,48
2,8,20,21,23,41
2,16,18,31,41,44
7,22,25,30,34,46
3,5,12,18,19,41
9,15,30,32,43,45
9,11,28,38,40,43
13,23,39,45,46,48
4,11,20,23,35,38
21,23,28,35,38,45
6,33,35,41,44,49
2,3,12,27,33,37
6,14,15,32,34,46
20,25,26,29,31,32
4,7,21,31,37,42
6,12,25,29,38,48
3,6,8,23,32,47
17,23,24,25,28,34
1,5,15,28,35,48
2,3,21,29,38,49
7,11,18,24,31,33
3,21,22,31,41,46
3,16,19,31,42,46
5,15,16,37,42,45
12,20,23,25,29,48
11,17,28,31,33,38
8,16,18,24,36,44
9,24,28,37,43,44
1,12,18,29,35,43
11,14,30,38,45,49
6,13,18,24,37,48
4,5,9,12,35,36
7,13,17,24,40,46
7,12,13,32,38,43
4,14,28,29,32,49
7,9,13,14,27,40
1,5,7,19,22,30
6,19,34,37,41,44
3,4,5,6,16,34
2,26,27,34,44,48
14,23,32,41,43,45
5,16,23,27,40,48
25,30,33,35,41,48
24,26,27,31,43,46
10,13,26,38,43,45
4,9,15,25,31,32
5,12,27,34,37,44
5,17,25,26,29,42
3,13,14,41,43,49
1,6,16,31,44,46
7,10,17,36,40,47
4,7,17,23,25,47
4,5,15,16,35,41
2,23,37,39,42,49
3,5,33,37,40,42
14,18,19,29,37,49
1,3,21,31,35,38
1,11,13,16,35,43
2,7,9,17,22,29
1,16,37,44,47,49
1,5,9,23,35,41
2,6,9,20,25,40
19,27,29,31,32,34
1,17,19,20,23,29
4,12,22,24,32,47
6,7,8,11,14,39
1,5,12,13,21,33
7,13,23,25,26,31
6,24,38,45,46,48
25,27,29,31,38,40
5,14,20,28,35,42
9,13,15,20,29,32
5,12,17,25,31,49
11,15,20,28,34,49
15,25,27,39,41,43
4,31,35,36,47,48
2,8,20,23,33,43
7,12,21,39,41,45
10,29,32,35,40,46
5,15,16,19,21,47
4,24,31,42,43,44
7,9,13,15,28,37
17,19,24,26,29,44
15,26,33,35,40,41
8,34,40,44,48,49
8,10,20,29,36,41
8,14,23,28,33,46
3,7,12,37,40,42
4,17,20,22,35,41
9,10,21,23,25,33
11,24,26,33,38,44
1,3,11,25,31,35
7,16,35,37,42,48
2,8,12,14,17,20
16,19,30,37,42,46
4,12,13,19,33,35
4,9,20,25,26,27
17,25,27,37,39,49
10,14,22,28,30,41
2,3,11,14,20,46
8,20,26,35,37,42
1,15,17,24,28,45
1,11,19,26,27,49
7,11,13,31,38,44
12,14,16,20,30,33
3,7,20,25,29,44
12,18,31,33,46,47
6,19,25,35,40,43
2,4,6,16,18,37
15,19,37,39,40,46
1,4,23,36,42,49
19,21,27,31,37,45
5,18,29,36,37,39
7,21,24,26,39,46
11,22,25,31,34,44
4,12,27,37,40,41
4,9,10,26,31,47
4,8,10,14,21,26
6,16,19,20,47,49
13,15,21,26,27,32
4,10,15,27,38,39
12,18,26,30,34,48
10,16,25,32,35,43
1,20,23,25,33,37
22,23,29,41,42,46
1,3,9,25,38,41
20,26,34,40,47,49
4,15,25,33,39,43
7,8,16,18,35,40
2,19,24,33,38,39
11,19,26,29,33,38
5,7,10,27,34,45
10,21,23,40,45,47
2,5,16,27,47,48
6,12,17,30,37,38
6,12,32,37,39,47
5,24,33,35,36,41
13,19,23,25,29,46
13,27,28,37,45,46
7,12,17,22,32,36
6,7,16,21,39,49
7,19,24,25,39,44
2,5,13,14,28,40
2,8,12,18,36,49
2,5,12,20,28,47
20,25,32,44,48,49
5,15,23,27,39,42
5,27,40,42,47,48
11,14,21,31,36,39
6,25,30,31,34,44
8,12,16,30,35,42
12,15,24,32,37,45
1,12,21,35,36,39
8,11,16,25,34,41
3,30,31,39,41,46
5,22,27,39,44,46
9,11,19,24,30,43
12,13,33,34,40,49
4,14,17,26,29,34
10,20,29,30,44,49
6,22,26,36,37,42
10,13,19,33,34,38
3,7,30,34,40,49
16,27,34,44,46,47
19,23,33,34,42,48
2,25,31,32,33,43
4,11,20,22,26,45
1,10,38,39,43,48
5,16,19,27,39,44
5,8,9,29,39,46
7,10,27,32,33,39
5,18,24,33,36,40
2,9,33,36,39,44
2,27,41,42,44,48
2,19,21,27,44,48
1,2,4,18,20,28
20,24,27,28,32,38
23,29,31,36,39,45
1,28,32,37,46,48
5,15,18,19,33,48
2,8,20,21,40,48
6,17,25,31,35,42
5,13,14,23,29,47
3,6,7,10,48,49
13,33,38,41,42,48
23,27,28,31,36,44
15,21,22,23,34,41
8,9,19,22,27,39
5,6,37,39,43,44
1,13,14,15,27,36
1,2,9,12,23,38
12,14,19,22,28,39
2,21,32,35,44,46
7,8,36,37,41,42
4,18,29,33,35,38
27,34,37,39,40,43
2,12,18,34,45,46
5,14,17,33,46,49
5,13,20,35,36,44
4,5,6,15,23,28
15,17,30,33,39,43
8,15,22,24,31,42
5,16,27,37,40,47
16,23,25,34,40,41
1,17,24,33,44,47
11,17,39,41,42,46
5,16,18,27,36,45
1,8,10,18,33,40
6,9,11,39,45,48
7,23,35,37,39,41
3,6,12,14,25,30
15,21,35,36,39,40
1,3,8,18,33,40
9,13,16,31,38,45
8,15,17,31,39,45
1,11,24,25,29,32
15,16,22,28,38,40
10,30,39,41,44,45
5,9,13,39,40,44
3,19,28,30,33,42
13,16,19,23,40,46
9,15,19,24,42,46
9,10,17,26,34,49
4,6,9,14,37,46
18,26,27,35,36,40
1,6,7,25,45,49
5,11,19,36,40,45
2,5,6,20,25,36
6,9,21,23,26,28
5,14,24,25,32,43
1,2,4,8,35,44
4,8,19,33,38,47
7,9,22,40,42,48
8,24,26,33,40,41
1,14,21,36,39,43
2,10,14,29,38,39
10,12,15,25,36,46
4,16,21,28,31,38
14,30,38,41,44,48
3,10,14,27,31,47
7,29,35,36,46,48
12,16,22,27,28,49
4,23,25,26,28,34
14,15,26,27,29,40
14,18,34,37,38,40
1,2,7,19,21,49
5,6,7,8,13,43
5,11,21,24,32,39
10,16,28,29,30,41
19,20,28,40,41,48
8,13,30,37,38,49
5,25,33,35,43,48
3,7,12,24,27,43
7,10,16,21,26,32
4,8,20,22,36,42
4,5,7,9,19,44
9,15,16,18,35,40
9,10,13,20,32,36
4,9,17,23,33,47
16,19,24,31,32,37
8,13,14,30,33,37
7,9,14,19,26,46
3,18,24,25,39,41
2,13,17,18,19,48
4,8,16,25,29,39
10,12,24,28,38,43
11,21,35,39,40,43
3,8,12,22,24,30
4,15,27,38,41,44
3,30,32,34,35,48
9,13,22,25,29,41
2,6,7,28,35,48
3,7,11,27,41,46
15,22,27,40,42,47
11,18,28,29,31,47
4,5,14,15,20,36
2,6,17,18,22,33
8,10,12,13,27,33
11,16,30,31,35,40
5,12,14,17,28,47
5,6,17,21,30,34
4,15,17,26,37,42
4,7,8,23,32,46
1,18,19,25,38,47
3,8,13,22,29,47
7,13,14,16,19,48
13,22,24,33,48,49
1,12,13,25,31,47
2,13,16,37,44,45
27,32,38,39,44,48
7,17,24,26,31,35
6,14,19,24,27,49
12,15,28,30,37,48
22,23,24,29,40,49
3,26,36,37,39,47
4,10,19,41,44,47
2,6,24,37,47,49
17,26,31,41,43,47
1,9,23,25,30,39
8,15,25,29,35,40
11,13,18,30,35,41
16,21,22,23,34,46
2,9,13,20,34,43
10,22,23,28,33,37
1,17,18,21,23,35
4,25,27,37,43,44
5,13,15,27,29,41
2,8,22,24,32,43
2,4,22,39,43,47
7,16,18,28,29,31
1,11,23,28,35,42
11,23,28,30,33,44
21,26,27,29,34,45
1,24,26,27,34,35
6,15,24,33,34,47
8,10,25,29,35,46
8,24,35,37,38,39
6,12,20,36,37,42
3,6,7,9,33,42
1,9,18,30,37,40
2,4,6,34,37,41
1,5,7,10,13,15
2,7,10,12,21,42
5,11,12,30,35,42
5,6,13,22,29,43
1,3,6,29,35,47
11,18,23,33,41,44
4,7,17,19,27,36
1,11,15,17,34,37
6,22,31,40,42,44
5,8,16,25,35,41
6,8,9,23,42,49
6,7,30,32,42,45
6,20,23,34,35,41
2,16,19,23,24,33
1,3,12,13,33,43
8,13,19,20,37,46
8,24,28,41,43,47
1,13,32,36,42,43
5,9,27,30,45,47
10,14,19,25,38,48
14,15,19,34,35,47
8,28,38,44,47,49
13,17,33,38,46,49
2,3,12,16,27,46
6,18,19,20,22,49
10,15,17,29,35,44
4,5,6,14,15,18
3,12,13,17,31,43
10,15,17,29,30,31
4,8,10,25,32,45
3,15,25,34,37,48
3,6,11,25,34,39
3,12,13,18,25,49
12,20,21,27,35,39
8,19,40,41,43,44
19,21,23,36,37,43
3,16,17,42,44,49
3,10,16,21,24,31
1,6,14,24,47,48
1,19,20,25,37,49
4,5,21,35,39,42
3,24,30,44,48,49
3,5,6,8,13,23
13,22,23,25,26,33
6,10,32,41,48,49
16,21,23,36,40,49
12,20,22,35,38,43
4,13,20,37,38,40
18,21,28,34,38,47
2,6,20,34,40,43
12,18,26,27,46,48
6,10,25,27,37,47
20,27,28,29,40,45
2,4,9,24,40,46
14,16,23,25,34,40
1,8,14,19,26,29
3,14,33,42,43,46
6,10,26,37,38,45
4,8,15,24,26,29
19,20,26,30,31,33
3,7,31,42,47,48
18,20,22,31,36,39
6,20,21,28,30,35
4,16,20,32,37,38
1,3,26,37,43,48
6,14,25,28,35,41
1,3,6,17,21,45
15,17,22,32,36,49
4,13,15,39,41,48
4,18,37,39,46,47
2,8,16,23,40,41
12,21,25,37,38,47
5,6,35,36,40,45
9,10,26,28,34,45
5,7,9,13,32,45
1,15,24,30,42,43
5,25,28,33,41,47
2,5,6,11,23,49
4,18,23,27,39,47
14,31,32,39,40,46
4,28,29,35,37,49
3,6,11,23,39,43
1,10,18,32,40,48
6,7,9,21,31,39
6,11,17,19,23,26
11,23,30,33,34,49
10,11,16,19,41,46
19,24,27,35,46,49
7,18,29,33,40,45
5,12,16,18,19,34
12,21,23,29,38,40
4,7,15,17,21,34
1,9,37,39,41,49
1,13,19,24,27,44
13,23,25,27,38,48
9,29,30,31,45,49
9,10,18,31,40,43
2,11,13,14,18,42
5,12,18,29,36,48
8,20,23,28,31,38
10,18,20,21,33,34
5,11,13,27,35,49
8,9,12,35,37,46
11,12,19,23,32,34
6,10,19,22,26,27
2,6,10,27,37,45
8,23,33,34,40,44
3,9,15,16,18,49
9,33,35,36,39,49
1,5,36,37,44,49
6,11,31,33,34,40
4,21,31,33,37,45
10,14,15,20,24,32
7,10,16,18,30,49
7,15,29,33,40,49
7,9,10,18,35,36
16,29,31,37,40,41
1,7,16,18,41,44
4,9,21,32,33,40
1,9,11,12,33,40
8,19,21,32,40,47
1,19,24,37,43,45
22,24,28,32,35,45
1,2,8,15,21,49
13,21,26,29,43,44
1,13,20,24,28,36
10,19,20,26,31,46
2,9,29,39,40,48
6,9,15,19,36,37
4,17,18,27,39,40
9,12,36,37,44,47
7,8,28,42,44,45
14,26,35,37,40,48
9,24,36,37,46,48
1,17,19,28,34,36
7,8,18,33,38,46
4,25,37,40,46,47
2,3,9,13,29,39
9,22,39,40,46,48
5,10,25,28,29,30
4,12,25,36,38,41
4,22,23,27,28,45
16,18,26,28,34,45
3,7,19,37,43,47
8,20,36,38,47,49
2,7,9,26,41,43
8,11,21,24,27,36
5,9,17,27,46,47
2,4,32,33,37,46
16,25,28,30,37,41
9,23,24,32,35,43
8,14,15,25,29,37
13,21,25,31,40,48
1,13,18,33,40,47
3,26,30,31,37,45
7,9,20,22,37,45
8,10,23,32,40,45
9,15,26,27,33,48
13,21,29,32,37,48
6,14,20,27,36,42
12,16,32,40,41,44
6,9,17,28,40,44
7,29,33,36,43,45
2,5,8,11,28,35
1,7,11,41,44,47
20,23,27,36,42,49
3,16,31,33,34,43
4,12,21,24,39,45
4,5,14,30,34,36
15,22,24,27,40,43
8,29,30,42,44,46
18,21,22,28,29,31
17,18,31,37,42,49
6,10,15,40,42,44
4,9,11,17,36,45
6,8,20,23,32,37
3,6,10,11,34,46
2,16,20,21,22,46
19,21,22,35,37,48
7,27,29,37,38,40
8,15,16,17,26,39
16,19,23,26,29,33
18,25,30,36,40,48
2,5,18,25,26,47
8,12,19,23,35,42
2,5,7,22,33,35
24,30,32,37,40,43
5,12,13,17,44,49
3,10,11,20,22,43
8,24,26,27,34,37
6,10,21,37,42,43
1,7,11,12,24,32
1,6,31,37,46,48
7,18,20,21,29,37
1,5,13,40,41,42
1,10,12,17,34,48
10,15,18,20,38,48
18,19,20,23,44,45
4,16,18,31,34,39
5,10,23,28,34,43
6,10,13,15,21,45
5,7,37,43,44,47
11,15,22,25,45,47
8,10,13,18,36,47
16,21,26,34,41,48
10,12,17,23,34,49
7,15,23,25,30,35
6,14,17,29,32,33
2,7,14,15,21,33
25,26,29,30,32,40
9,17,28,32,40,45
11,21,22,25,32,34
14,26,29,39,47,49
5,6,9,29,30,31
2,6,10,19,33,44
8,11,24,32,42,43
10,27,31,34,44,45
1,15,31,41,42,46
4,6,7,16,39,40
11,27,28,33,43,46
12,13,20,25,28,35
7,24,29,32,45,47
4,6,11,13,17,31
1,3,12,27,31,39
4,5,6,31,39,43
10,12,15,32,39,47
7,15,30,32,36,49
10,18,27,29,36,41
22,24,27,28,38,48
8,16,26,27,33,42
2,8,16,21,24,40
9,14,16,18,23,48
8,21,24,25,29,33
7,13,20,23,36,38
9,11,13,14,18,39
3,11,13,15,20,24
23,36,38,39,42,47
3,5,8,16,29,35
5,14,20,23,29,38
16,18,24,41,42,49
9,34,36,45,46,47
10,20,26,30,45,48
9,13,21,34,42,49
5,26,33,35,43,44
6,14,16,20,32,41
7,25,34,39,42,45
6,15,22,32,43,44
3,6,27,29,31,41
6,21,39,40,43,46
15,18,25,32,36,39
20,25,26,37,39,42
2,6,11,13,35,42
16,23,34,42,46,49
5,14,15,26,33,46
2,17,21,22,39,47
5,19,22,42,45,46
6,11,25,27,48,49
14,15,36,37,38,49
2,6,12,18,25,47
6,10,26,34,48,49
7,14,26,32,39,40
6,22,27,29,45,46
6,14,19,23,39,43
5,9,30,31,37,42
14,17,18,30,35,41
5,7,15,24,42,48
6,17,34,40,42,47
7,20,25,28,33,39
2,13,27,28,41,49
17,19,23,30,33,45
2,3,17,26,33,34
2,4,31,32,35,40
5,15,18,42,46,48
6,25,30,39,43,48
7,27,31,32,35,39
6,7,11,40,48,49
17,26,37,38,43,45
3,5,10,37,39,46
18,26,35,38,41,45
10,11,12,34,40,48
10,12,18,22,41,46
1,11,19,36,39,47
28,30,35,36,42,48
1,11,32,37,40,46
1,11,15,32,46,48
2,14,17,24,28,47
5,15,31,41,42,44
7,17,18,21,36,38
15,27,30,34,41,48
10,23,31,32,41,43
15,17,18,23,27,43
4,7,27,39,47,49
6,17,20,24,25,29
9,18,27,31,34,49
4,7,16,29,34,40
8,25,34,35,42,43
5,33,34,40,41,45
4,20,23,25,31,44
10,11,12,22,44,47
3,12,24,36,37,39
2,5,9,11,18,20
12,30,38,44,47,49
1,10,11,23,28,37
4,19,30,36,41,43
1,2,5,6,7,22
1,13,18,25,44,46
3,15,21,29,32,44
3,18,27,34,37,38
6,9,11,18,30,34
2,7,12,15,26,32
1,16,29,30,38,48
10,17,29,33,45,46
14,21,38,40,46,49
12,15,21,30,31,35
1,23,26,43,46,49
7,19,33,37,44,47
1,7,15,23,24,27
6,22,27,30,34,49
6,13,30,35,39,42
3,10,22,26,34,49
3,7,13,32,34,48
6,9,32,37,40,49
11,13,20,36,38,41
3,8,31,33,40,45
16,25,31,32,39,46
4,15,22,25,43,47
4,13,24,30,45,48
6,10,37,39,40,46
6,19,22,29,41,42
9,10,23,28,43,47
4,12,14,38,39,48
6,10,11,18,23,47
7,13,15,23,34,48
9,15,19,21,28,33
9,10,14,18,21,41
9,16,19,20,37,40
1,11,16,18,23,39
1,4,26,39,44,46
10,18,20,31,41,49
15,21,23,30,31,49
9,13,31,41,44,46
7,8,20,27,34,49
4,5,22,24,31,49
